id,userProductId,productRating,reviewTitle,reviewDetails
1,339,4,Love it!,Mauris lacinia sapien quis libero.
2,936,3,Nice Product,Donec vitae nisi.
3,696,1,Some major design flaws,"Morbi vestibulum, velit id pretium iaculis, diam erat fermentum justo, nec condimentum neque sapien placerat ante."
4,242,2,Bad Quality,Curabitur gravida nisi at nibh.
5,35,2,Bad Quality,Quisque porta volutpat erat.
6,903,4,Love it!,Ut tellus.
7,519,3,Nice Product,Vestibulum ante ipsum primis in faucibus orci luctus et ultrices posuere cubilia Curae
8,106,1,Some major design flaws,Ut tellus.
9,110,4,Love it!,Vivamus vestibulum sagittis sapien.
10,550,1,Some major design flaws,Donec dapibus.
11,791,3,Nice Product,"Morbi odio odio, elementum eu, interdum eu, tincidunt in, leo."
12,131,4,Love it!,Proin interdum mauris non ligula pellentesque ultrices.
13,616,1,Some major design flaws,Morbi vel lectus in quam fringilla rhoncus.
14,1,3,Nice Product,In quis justo.
15,322,3,Nice Product,Maecenas tincidunt lacus at velit.
16,431,3,Nice Product,Morbi porttitor lorem id ligula.
17,32,3,Nice Product,In hac habitasse platea dictumst.
18,498,5,My thing favorite,"Nulla neque libero, convallis eget, eleifend luctus, ultricies eu, nibh."
19,924,3,Nice Product,"Aliquam augue quam, sollicitudin vitae, consectetuer eget, rutrum at, lorem."
20,604,4,Love it!,"Nam ultrices, libero non mattis pulvinar, nulla pede ullamcorper augue, a suscipit nulla elit ac nulla."
21,418,3,Nice Product,Integer tincidunt ante vel ipsum.
22,885,5,My thing favorite,"Aliquam augue quam, sollicitudin vitae, consectetuer eget, rutrum at, lorem."
23,661,4,Love it!,Praesent lectus.
24,576,2,Bad Quality,In hac habitasse platea dictumst.
25,80,1,Some major design flaws,Praesent blandit lacinia erat.
26,134,4,Love it!,"Vestibulum quam sapien, varius ut, blandit non, interdum in, ante."
27,256,5,My thing favorite,Quisque ut erat.
28,765,1,Some major design flaws,"Morbi sem mauris, laoreet ut, rhoncus aliquet, pulvinar sed, nisl."
29,272,2,Bad Quality,In congue.
30,833,1,Some major design flaws,"Cras mi pede, malesuada in, imperdiet et, commodo vulputate, justo."
31,167,2,Bad Quality,"Cum sociis natoque penatibus et magnis dis parturient montes, nascetur ridiculus mus."
32,45,4,Love it!,Curabitur gravida nisi at nibh.
33,336,3,Nice Product,Vivamus vestibulum sagittis sapien.
34,689,5,My thing favorite,"Cum sociis natoque penatibus et magnis dis parturient montes, nascetur ridiculus mus."
35,232,1,Some major design flaws,"In tempor, turpis nec euismod scelerisque, quam turpis adipiscing lorem, vitae mattis nibh ligula nec sem."
36,390,3,Nice Product,Aenean lectus.
37,476,5,My thing favorite,Aenean fermentum.
38,478,4,Love it!,Nulla tellus.
39,378,2,Bad Quality,Morbi ut odio.
40,314,3,Nice Product,Suspendisse potenti.
41,787,3,Nice Product,Integer non velit.
42,125,5,My thing favorite,"Aliquam augue quam, sollicitudin vitae, consectetuer eget, rutrum at, lorem."
43,308,2,Bad Quality,Duis at velit eu est congue elementum.
44,318,2,Bad Quality,Duis ac nibh.
45,138,4,Love it!,Donec vitae nisi.
46,803,3,Nice Product,"Duis bibendum, felis sed interdum venenatis, turpis enim blandit mi, in porttitor pede justo eu massa."
47,650,1,Some major design flaws,Duis bibendum.
48,566,5,My thing favorite,Pellentesque viverra pede ac diam.
49,113,2,Bad Quality,Curabitur convallis.
50,51,2,Bad Quality,"Maecenas leo odio, condimentum id, luctus nec, molestie sed, justo."
51,705,5,My thing favorite,Nulla facilisi.
52,708,2,Bad Quality,Donec posuere metus vitae ipsum.
53,445,1,Some major design flaws,"Morbi vestibulum, velit id pretium iaculis, diam erat fermentum justo, nec condimentum neque sapien placerat ante."
54,233,5,My thing favorite,Sed ante.
55,346,1,Some major design flaws,"Aliquam augue quam, sollicitudin vitae, consectetuer eget, rutrum at, lorem."
56,97,4,Love it!,Vestibulum ac est lacinia nisi venenatis tristique.
57,795,3,Nice Product,Suspendisse potenti.
58,143,3,Nice Product,Integer a nibh.
59,675,4,Love it!,Maecenas rhoncus aliquam lacus.
60,111,2,Bad Quality,In hac habitasse platea dictumst.
61,535,5,My thing favorite,Etiam vel augue.
62,365,2,Bad Quality,Maecenas tincidunt lacus at velit.
63,323,3,Nice Product,Morbi quis tortor id nulla ultrices aliquet.
64,224,1,Some major design flaws,Duis ac nibh.
65,99,1,Some major design flaws,"Aliquam augue quam, sollicitudin vitae, consectetuer eget, rutrum at, lorem."
66,930,5,My thing favorite,Integer non velit.
67,384,1,Some major design flaws,Phasellus sit amet erat.
68,225,2,Bad Quality,Ut at dolor quis odio consequat varius.
69,773,1,Some major design flaws,"Fusce lacus purus, aliquet at, feugiat non, pretium quis, lectus."
70,917,2,Bad Quality,"Proin leo odio, porttitor id, consequat in, consequat ut, nulla."
71,366,5,My thing favorite,Etiam justo.
72,934,2,Bad Quality,Aliquam sit amet diam in magna bibendum imperdiet.
73,359,1,Some major design flaws,"Fusce lacus purus, aliquet at, feugiat non, pretium quis, lectus."
74,351,3,Nice Product,Fusce consequat.
75,46,2,Bad Quality,Etiam justo.
76,796,3,Nice Product,"Vestibulum ante ipsum primis in faucibus orci luctus et ultrices posuere cubilia Curae; Donec pharetra, magna vestibulum aliquet ultrices, erat tortor sollicitudin mi, sit amet lobortis sapien sapien non mi."
77,505,3,Nice Product,Nunc purus.
78,601,2,Bad Quality,Integer non velit.
79,919,3,Nice Product,Suspendisse potenti.
80,921,5,My thing favorite,Ut at dolor quis odio consequat varius.
81,969,2,Bad Quality,In congue.
82,340,3,Nice Product,Nam nulla.
83,954,1,Some major design flaws,Proin risus.
84,528,4,Love it!,Vestibulum ante ipsum primis in faucibus orci luctus et ultrices posuere cubilia Curae
85,207,1,Some major design flaws,Sed vel enim sit amet nunc viverra dapibus.
86,996,4,Love it!,Proin eu mi.
87,860,1,Some major design flaws,Nunc nisl.
88,901,3,Nice Product,Aliquam erat volutpat.
89,168,5,My thing favorite,Mauris ullamcorper purus sit amet nulla.
90,983,1,Some major design flaws,"Vestibulum ante ipsum primis in faucibus orci luctus et ultrices posuere cubilia Curae; Donec pharetra, magna vestibulum aliquet ultrices, erat tortor sollicitudin mi, sit amet lobortis sapien sapien non mi."
91,117,1,Some major design flaws,In quis justo.
92,757,1,Some major design flaws,Integer a nibh.
93,821,1,Some major design flaws,Maecenas tincidunt lacus at velit.
94,28,2,Bad Quality,In sagittis dui vel nisl.
95,439,2,Bad Quality,Donec vitae nisi.
96,457,1,Some major design flaws,Mauris ullamcorper purus sit amet nulla.
97,748,5,My thing favorite,Vestibulum ac est lacinia nisi venenatis tristique.
98,415,4,Love it!,In eleifend quam a odio.
99,277,4,Love it!,Vivamus vel nulla eget eros elementum pellentesque.
100,149,3,Nice Product,"Cum sociis natoque penatibus et magnis dis parturient montes, nascetur ridiculus mus."
101,961,2,Bad Quality,Vestibulum ante ipsum primis in faucibus orci luctus et ultrices posuere cubilia Curae
102,199,1,Some major design flaws,Morbi porttitor lorem id ligula.
103,680,3,Nice Product,Praesent id massa id nisl venenatis lacinia.
104,462,4,Love it!,Nullam porttitor lacus at turpis.
105,17,1,Some major design flaws,Duis aliquam convallis nunc.
106,838,2,Bad Quality,Donec posuere metus vitae ipsum.
107,312,5,My thing favorite,Vestibulum ante ipsum primis in faucibus orci luctus et ultrices posuere cubilia Curae
108,269,1,Some major design flaws,Integer a nibh.
109,577,3,Nice Product,Mauris ullamcorper purus sit amet nulla.
110,997,3,Nice Product,Duis bibendum.
111,651,1,Some major design flaws,Praesent id massa id nisl venenatis lacinia.
112,829,2,Bad Quality,Fusce posuere felis sed lacus.
113,115,5,My thing favorite,Sed vel enim sit amet nunc viverra dapibus.
114,172,2,Bad Quality,Sed ante.
115,588,3,Nice Product,Vivamus vel nulla eget eros elementum pellentesque.
116,101,1,Some major design flaws,In hac habitasse platea dictumst.
117,615,5,My thing favorite,Duis at velit eu est congue elementum.
118,752,1,Some major design flaws,Ut at dolor quis odio consequat varius.
119,370,4,Love it!,Curabitur at ipsum ac tellus semper interdum.
120,914,4,Love it!,Vivamus vestibulum sagittis sapien.
121,593,4,Love it!,Nulla suscipit ligula in lacus.
122,808,4,Love it!,In blandit ultrices enim.
123,347,2,Bad Quality,Proin interdum mauris non ligula pellentesque ultrices.
124,291,3,Nice Product,Duis consequat dui nec nisi volutpat eleifend.
125,775,2,Bad Quality,Aliquam non mauris.
126,132,2,Bad Quality,Suspendisse ornare consequat lectus.
127,709,4,Love it!,Nunc rhoncus dui vel sem.
128,761,3,Nice Product,In quis justo.
129,332,4,Love it!,"Integer pede justo, lacinia eget, tincidunt eget, tempus vel, pede."
130,766,3,Nice Product,Suspendisse potenti.
131,839,5,My thing favorite,Praesent id massa id nisl venenatis lacinia.
132,621,4,Love it!,"Lorem ipsum dolor sit amet, consectetuer adipiscing elit."
133,913,3,Nice Product,"Morbi odio odio, elementum eu, interdum eu, tincidunt in, leo."
134,812,4,Love it!,"Integer pede justo, lacinia eget, tincidunt eget, tempus vel, pede."
135,301,2,Bad Quality,Curabitur at ipsum ac tellus semper interdum.
136,385,3,Nice Product,Morbi non lectus.
137,174,3,Nice Product,Sed accumsan felis.
138,987,3,Nice Product,Maecenas tincidunt lacus at velit.
139,273,5,My thing favorite,Morbi non quam nec dui luctus rutrum.
140,343,2,Bad Quality,Etiam vel augue.
141,629,3,Nice Product,Nulla facilisi.
142,506,4,Love it!,Duis aliquam convallis nunc.
143,693,1,Some major design flaws,Mauris sit amet eros.
144,133,4,Love it!,"Vestibulum ante ipsum primis in faucibus orci luctus et ultrices posuere cubilia Curae; Donec pharetra, magna vestibulum aliquet ultrices, erat tortor sollicitudin mi, sit amet lobortis sapien sapien non mi."
145,774,1,Some major design flaws,Nulla ut erat id mauris vulputate elementum.
146,499,2,Bad Quality,Nam nulla.
147,81,4,Love it!,Nulla tempus.
148,185,4,Love it!,Phasellus sit amet erat.
149,809,1,Some major design flaws,"Nam ultrices, libero non mattis pulvinar, nulla pede ullamcorper augue, a suscipit nulla elit ac nulla."
150,2,3,Nice Product,Curabitur gravida nisi at nibh.
151,329,5,My thing favorite,Donec posuere metus vitae ipsum.
152,672,3,Nice Product,Pellentesque viverra pede ac diam.
153,127,4,Love it!,In congue.
154,380,5,My thing favorite,Pellentesque viverra pede ac diam.
155,286,5,My thing favorite,Donec ut mauris eget massa tempor convallis.
156,648,2,Bad Quality,Suspendisse ornare consequat lectus.
157,599,5,My thing favorite,Duis bibendum.
158,763,1,Some major design flaws,Suspendisse ornare consequat lectus.
159,636,2,Bad Quality,"In est risus, auctor sed, tristique in, tempus sit amet, sem."
160,944,3,Nice Product,Donec semper sapien a libero.
161,823,4,Love it!,Praesent id massa id nisl venenatis lacinia.
162,435,2,Bad Quality,Nullam varius.
163,298,2,Bad Quality,Aliquam sit amet diam in magna bibendum imperdiet.
164,974,2,Bad Quality,In hac habitasse platea dictumst.
165,552,2,Bad Quality,"In tempor, turpis nec euismod scelerisque, quam turpis adipiscing lorem, vitae mattis nibh ligula nec sem."
166,465,4,Love it!,"Vivamus metus arcu, adipiscing molestie, hendrerit at, vulputate vitae, nisl."
167,753,5,My thing favorite,Proin interdum mauris non ligula pellentesque ultrices.
168,844,1,Some major design flaws,Aenean lectus.
169,413,2,Bad Quality,"Integer pede justo, lacinia eget, tincidunt eget, tempus vel, pede."
170,278,5,My thing favorite,"Lorem ipsum dolor sit amet, consectetuer adipiscing elit."
171,898,4,Love it!,"Morbi vestibulum, velit id pretium iaculis, diam erat fermentum justo, nec condimentum neque sapien placerat ante."
172,379,1,Some major design flaws,Morbi quis tortor id nulla ultrices aliquet.
173,426,1,Some major design flaws,"Duis bibendum, felis sed interdum venenatis, turpis enim blandit mi, in porttitor pede justo eu massa."
174,226,5,My thing favorite,Curabitur gravida nisi at nibh.
175,714,5,My thing favorite,Vivamus vestibulum sagittis sapien.
176,186,2,Bad Quality,Fusce consequat.
177,777,4,Love it!,"Donec odio justo, sollicitudin ut, suscipit a, feugiat et, eros."
178,730,4,Love it!,Nulla ac enim.
179,946,1,Some major design flaws,Morbi ut odio.
180,398,2,Bad Quality,Phasellus sit amet erat.
181,532,2,Bad Quality,Quisque porta volutpat erat.
182,150,4,Love it!,Cras non velit nec nisi vulputate nonummy.
183,559,5,My thing favorite,Morbi porttitor lorem id ligula.
184,527,1,Some major design flaws,Sed sagittis.
185,971,5,My thing favorite,Nullam porttitor lacus at turpis.
186,393,1,Some major design flaws,Donec ut dolor.
187,10,5,My thing favorite,Cras pellentesque volutpat dui.
188,563,4,Love it!,"Quisque arcu libero, rutrum ac, lobortis vel, dapibus at, diam."
189,120,3,Nice Product,Nam dui.
190,315,1,Some major design flaws,Nunc rhoncus dui vel sem.
191,436,4,Love it!,Etiam faucibus cursus urna.
192,320,5,My thing favorite,In sagittis dui vel nisl.
193,466,4,Love it!,"Lorem ipsum dolor sit amet, consectetuer adipiscing elit."
194,274,5,My thing favorite,Vestibulum rutrum rutrum neque.
195,140,1,Some major design flaws,"Maecenas tristique, est et tempus semper, est quam pharetra magna, ac consequat metus sapien ut nunc."
196,907,2,Bad Quality,In blandit ultrices enim.
197,972,5,My thing favorite,Morbi non quam nec dui luctus rutrum.
198,493,1,Some major design flaws,Donec dapibus.
199,630,2,Bad Quality,Nulla ut erat id mauris vulputate elementum.
200,234,3,Nice Product,Donec vitae nisi.
201,307,1,Some major design flaws,Mauris sit amet eros.
202,655,3,Nice Product,"Proin leo odio, porttitor id, consequat in, consequat ut, nulla."
203,357,2,Bad Quality,Sed sagittis.
204,447,1,Some major design flaws,Morbi a ipsum.
205,453,3,Nice Product,Mauris sit amet eros.
206,707,4,Love it!,Etiam justo.
207,477,5,My thing favorite,Maecenas tincidunt lacus at velit.
208,295,2,Bad Quality,Duis at velit eu est congue elementum.
209,542,2,Bad Quality,Curabitur in libero ut massa volutpat convallis.
210,915,1,Some major design flaws,"Donec diam neque, vestibulum eget, vulputate ut, ultrices vel, augue."
211,711,5,My thing favorite,"Fusce congue, diam id ornare imperdiet, sapien urna pretium nisl, ut volutpat sapien arcu sed augue."
212,58,1,Some major design flaws,"Vestibulum quam sapien, varius ut, blandit non, interdum in, ante."
213,486,4,Love it!,Quisque ut erat.
214,369,4,Love it!,Maecenas pulvinar lobortis est.
215,38,5,My thing favorite,Pellentesque eget nunc.
216,200,1,Some major design flaws,Suspendisse potenti.
217,743,2,Bad Quality,Morbi quis tortor id nulla ultrices aliquet.
218,502,1,Some major design flaws,Donec quis orci eget orci vehicula condimentum.
219,279,2,Bad Quality,Integer tincidunt ante vel ipsum.
220,358,4,Love it!,Integer non velit.
221,141,4,Love it!,Maecenas tincidunt lacus at velit.
222,148,4,Love it!,"Donec odio justo, sollicitudin ut, suscipit a, feugiat et, eros."
223,267,2,Bad Quality,"Aliquam augue quam, sollicitudin vitae, consectetuer eget, rutrum at, lorem."
224,702,4,Love it!,In quis justo.
225,721,4,Love it!,Suspendisse potenti.
226,50,5,My thing favorite,Curabitur at ipsum ac tellus semper interdum.
227,541,4,Love it!,Nulla suscipit ligula in lacus.
228,521,5,My thing favorite,Praesent id massa id nisl venenatis lacinia.
229,360,5,My thing favorite,Phasellus in felis.
230,925,5,My thing favorite,Maecenas pulvinar lobortis est.
231,391,5,My thing favorite,"Nullam orci pede, venenatis non, sodales sed, tincidunt eu, felis."
232,284,5,My thing favorite,Integer ac neque.
233,633,1,Some major design flaws,Nulla ac enim.
234,47,2,Bad Quality,Duis at velit eu est congue elementum.
235,302,2,Bad Quality,Praesent lectus.
236,73,1,Some major design flaws,"Nam congue, risus semper porta volutpat, quam pede lobortis ligula, sit amet eleifend pede libero quis orci."
237,147,4,Love it!,Nulla justo.
238,966,4,Love it!,"In est risus, auctor sed, tristique in, tempus sit amet, sem."
239,169,4,Love it!,Aliquam sit amet diam in magna bibendum imperdiet.
240,171,1,Some major design flaws,In hac habitasse platea dictumst.
241,962,1,Some major design flaws,Vestibulum ac est lacinia nisi venenatis tristique.
242,585,4,Love it!,Nam tristique tortor eu pede.
243,627,5,My thing favorite,In hac habitasse platea dictumst.
244,203,2,Bad Quality,Quisque ut erat.
245,293,2,Bad Quality,"In tempor, turpis nec euismod scelerisque, quam turpis adipiscing lorem, vitae mattis nibh ligula nec sem."
246,227,4,Love it!,Curabitur at ipsum ac tellus semper interdum.
247,720,1,Some major design flaws,Fusce posuere felis sed lacus.
248,771,3,Nice Product,Ut at dolor quis odio consequat varius.
249,470,1,Some major design flaws,Vestibulum sed magna at nunc commodo placerat.
250,990,5,My thing favorite,In blandit ultrices enim.
251,824,1,Some major design flaws,"Integer aliquet, massa id lobortis convallis, tortor risus dapibus augue, vel accumsan tellus nisi eu orci."
252,594,4,Love it!,Duis consequat dui nec nisi volutpat eleifend.
253,18,3,Nice Product,"Quisque arcu libero, rutrum ac, lobortis vel, dapibus at, diam."
254,998,2,Bad Quality,Aenean sit amet justo.
255,422,1,Some major design flaws,"Morbi odio odio, elementum eu, interdum eu, tincidunt in, leo."
256,700,4,Love it!,"Lorem ipsum dolor sit amet, consectetuer adipiscing elit."
257,978,2,Bad Quality,In eleifend quam a odio.
258,216,1,Some major design flaws,Integer ac leo.
259,238,1,Some major design flaws,In congue.
260,874,4,Love it!,"Vivamus metus arcu, adipiscing molestie, hendrerit at, vulputate vitae, nisl."
261,331,4,Love it!,"Cum sociis natoque penatibus et magnis dis parturient montes, nascetur ridiculus mus."
262,666,4,Love it!,Nulla nisl.
263,394,3,Nice Product,"Lorem ipsum dolor sit amet, consectetuer adipiscing elit."
264,516,5,My thing favorite,Vestibulum rutrum rutrum neque.
265,492,2,Bad Quality,Pellentesque ultrices mattis odio.
266,451,4,Love it!,Suspendisse potenti.
267,356,5,My thing favorite,Morbi porttitor lorem id ligula.
268,467,3,Nice Product,Vestibulum ac est lacinia nisi venenatis tristique.
269,744,5,My thing favorite,"Donec odio justo, sollicitudin ut, suscipit a, feugiat et, eros."
270,104,5,My thing favorite,Proin eu mi.
271,53,4,Love it!,Morbi non lectus.
272,929,5,My thing favorite,Nullam porttitor lacus at turpis.
273,684,4,Love it!,"In est risus, auctor sed, tristique in, tempus sit amet, sem."
274,569,1,Some major design flaws,Proin interdum mauris non ligula pellentesque ultrices.
275,491,5,My thing favorite,Pellentesque ultrices mattis odio.
276,882,2,Bad Quality,Integer a nibh.
277,299,4,Love it!,In eleifend quam a odio.
278,798,3,Nice Product,"Cum sociis natoque penatibus et magnis dis parturient montes, nascetur ridiculus mus."
279,956,2,Bad Quality,"Fusce congue, diam id ornare imperdiet, sapien urna pretium nisl, ut volutpat sapien arcu sed augue."
280,750,1,Some major design flaws,"Maecenas leo odio, condimentum id, luctus nec, molestie sed, justo."
281,951,1,Some major design flaws,"Integer pede justo, lacinia eget, tincidunt eget, tempus vel, pede."
282,581,3,Nice Product,Vestibulum ac est lacinia nisi venenatis tristique.
283,309,1,Some major design flaws,"Vestibulum ante ipsum primis in faucibus orci luctus et ultrices posuere cubilia Curae; Donec pharetra, magna vestibulum aliquet ultrices, erat tortor sollicitudin mi, sit amet lobortis sapien sapien non mi."
284,325,2,Bad Quality,In congue.
285,910,4,Love it!,Suspendisse ornare consequat lectus.
286,539,2,Bad Quality,Nunc nisl.
287,190,2,Bad Quality,Nulla suscipit ligula in lacus.
288,5,2,Bad Quality,Vestibulum ac est lacinia nisi venenatis tristique.
289,738,5,My thing favorite,Nullam porttitor lacus at turpis.
290,33,4,Love it!,Phasellus id sapien in sapien iaculis congue.
291,533,2,Bad Quality,Ut at dolor quis odio consequat varius.
292,631,4,Love it!,Donec semper sapien a libero.
293,719,2,Bad Quality,In congue.
294,109,5,My thing favorite,"Donec diam neque, vestibulum eget, vulputate ut, ultrices vel, augue."
295,904,3,Nice Product,"Integer pede justo, lacinia eget, tincidunt eget, tempus vel, pede."
296,219,2,Bad Quality,"Proin leo odio, porttitor id, consequat in, consequat ut, nulla."
297,472,2,Bad Quality,Mauris lacinia sapien quis libero.
298,191,1,Some major design flaws,Donec semper sapien a libero.
299,253,3,Nice Product,Quisque porta volutpat erat.
300,297,2,Bad Quality,Quisque porta volutpat erat.
301,928,5,My thing favorite,Donec ut dolor.
302,941,5,My thing favorite,Duis consequat dui nec nisi volutpat eleifend.
303,76,5,My thing favorite,Donec posuere metus vitae ipsum.
304,54,2,Bad Quality,Vivamus vel nulla eget eros elementum pellentesque.
305,772,3,Nice Product,Nullam molestie nibh in lectus.
306,991,1,Some major design flaws,"Vivamus metus arcu, adipiscing molestie, hendrerit at, vulputate vitae, nisl."
307,6,2,Bad Quality,Nullam porttitor lacus at turpis.
308,330,1,Some major design flaws,Mauris sit amet eros.
309,280,2,Bad Quality,Proin risus.
310,571,5,My thing favorite,Etiam justo.
311,659,2,Bad Quality,Nunc nisl.
312,688,4,Love it!,"Integer aliquet, massa id lobortis convallis, tortor risus dapibus augue, vel accumsan tellus nisi eu orci."
313,858,4,Love it!,"Lorem ipsum dolor sit amet, consectetuer adipiscing elit."
314,461,3,Nice Product,"Lorem ipsum dolor sit amet, consectetuer adipiscing elit."
315,834,2,Bad Quality,Proin eu mi.
316,344,2,Bad Quality,Cras pellentesque volutpat dui.
317,864,5,My thing favorite,Praesent lectus.
318,194,3,Nice Product,Donec semper sapien a libero.
319,669,3,Nice Product,Vivamus tortor.
320,123,2,Bad Quality,Mauris ullamcorper purus sit amet nulla.
321,67,4,Love it!,Donec quis orci eget orci vehicula condimentum.
322,249,4,Love it!,"Cras mi pede, malesuada in, imperdiet et, commodo vulputate, justo."
323,156,3,Nice Product,Aenean auctor gravida sem.
324,119,5,My thing favorite,Duis mattis egestas metus.
325,228,3,Nice Product,Proin interdum mauris non ligula pellentesque ultrices.
326,778,3,Nice Product,Nulla ut erat id mauris vulputate elementum.
327,591,1,Some major design flaws,"Integer pede justo, lacinia eget, tincidunt eget, tempus vel, pede."
328,560,1,Some major design flaws,Cras non velit nec nisi vulputate nonummy.
329,610,4,Love it!,In eleifend quam a odio.
330,158,4,Love it!,In congue.
331,769,4,Love it!,Quisque id justo sit amet sapien dignissim vestibulum.
332,589,1,Some major design flaws,Quisque porta volutpat erat.
333,731,3,Nice Product,"Quisque erat eros, viverra eget, congue eget, semper rutrum, nulla."
334,745,1,Some major design flaws,"Morbi odio odio, elementum eu, interdum eu, tincidunt in, leo."
335,144,3,Nice Product,Fusce posuere felis sed lacus.
336,210,4,Love it!,Duis aliquam convallis nunc.
337,608,2,Bad Quality,Vivamus vestibulum sagittis sapien.
338,59,5,My thing favorite,Sed accumsan felis.
339,891,5,My thing favorite,Praesent blandit.
340,416,4,Love it!,Vestibulum sed magna at nunc commodo placerat.
341,767,1,Some major design flaws,Proin interdum mauris non ligula pellentesque ultrices.
342,328,2,Bad Quality,Suspendisse potenti.
343,411,3,Nice Product,Morbi a ipsum.
344,877,5,My thing favorite,Aenean fermentum.
345,482,2,Bad Quality,In hac habitasse platea dictumst.
346,105,2,Bad Quality,Donec ut dolor.
347,855,1,Some major design flaws,"Nam ultrices, libero non mattis pulvinar, nulla pede ullamcorper augue, a suscipit nulla elit ac nulla."
348,886,5,My thing favorite,Quisque ut erat.
349,175,3,Nice Product,Pellentesque viverra pede ac diam.
350,976,5,My thing favorite,Integer ac neque.
351,187,4,Love it!,Vivamus in felis eu sapien cursus vestibulum.
352,849,1,Some major design flaws,Fusce posuere felis sed lacus.
353,508,4,Love it!,Fusce posuere felis sed lacus.
354,371,5,My thing favorite,Suspendisse potenti.
355,900,4,Love it!,Nulla justo.
356,725,1,Some major design flaws,Donec ut dolor.
357,567,2,Bad Quality,Nunc rhoncus dui vel sem.
358,62,2,Bad Quality,Nulla tellus.
359,662,1,Some major design flaws,Morbi porttitor lorem id ligula.
360,619,4,Love it!,"Nulla neque libero, convallis eget, eleifend luctus, ultricies eu, nibh."
361,290,2,Bad Quality,"In tempor, turpis nec euismod scelerisque, quam turpis adipiscing lorem, vitae mattis nibh ligula nec sem."
362,551,1,Some major design flaws,Aliquam non mauris.
363,836,2,Bad Quality,Pellentesque ultrices mattis odio.
364,926,2,Bad Quality,Donec vitae nisi.
365,39,1,Some major design flaws,"Cum sociis natoque penatibus et magnis dis parturient montes, nascetur ridiculus mus."
366,481,2,Bad Quality,Fusce posuere felis sed lacus.
367,348,2,Bad Quality,Integer non velit.
368,606,4,Love it!,Vestibulum ante ipsum primis in faucibus orci luctus et ultrices posuere cubilia Curae
369,240,4,Love it!,"Morbi odio odio, elementum eu, interdum eu, tincidunt in, leo."
370,845,1,Some major design flaws,Nulla nisl.
371,337,1,Some major design flaws,Nam nulla.
372,530,3,Nice Product,Suspendisse accumsan tortor quis turpis.
373,547,4,Love it!,Phasellus sit amet erat.
374,406,4,Love it!,Cras in purus eu magna vulputate luctus.
375,459,1,Some major design flaws,Suspendisse potenti.
376,722,4,Love it!,Curabitur gravida nisi at nibh.
377,611,4,Love it!,Integer a nibh.
378,423,2,Bad Quality,Nullam sit amet turpis elementum ligula vehicula consequat.
379,642,2,Bad Quality,Nunc rhoncus dui vel sem.
380,712,5,My thing favorite,Integer tincidunt ante vel ipsum.
381,943,2,Bad Quality,Vestibulum ante ipsum primis in faucibus orci luctus et ultrices posuere cubilia Curae
382,572,1,Some major design flaws,"Proin leo odio, porttitor id, consequat in, consequat ut, nulla."
383,60,5,My thing favorite,In hac habitasse platea dictumst.
384,872,5,My thing favorite,In quis justo.
385,828,3,Nice Product,"Integer pede justo, lacinia eget, tincidunt eget, tempus vel, pede."
386,275,4,Love it!,"Nullam orci pede, venenatis non, sodales sed, tincidunt eu, felis."
387,782,3,Nice Product,Curabitur gravida nisi at nibh.
388,742,1,Some major design flaws,Fusce posuere felis sed lacus.
389,673,5,My thing favorite,Nullam sit amet turpis elementum ligula vehicula consequat.
390,543,2,Bad Quality,Duis mattis egestas metus.
391,283,3,Nice Product,Praesent id massa id nisl venenatis lacinia.
392,244,2,Bad Quality,"Morbi odio odio, elementum eu, interdum eu, tincidunt in, leo."
393,319,5,My thing favorite,Nunc nisl.
394,61,1,Some major design flaws,In blandit ultrices enim.
395,875,5,My thing favorite,"Integer pede justo, lacinia eget, tincidunt eget, tempus vel, pede."
396,724,5,My thing favorite,Maecenas rhoncus aliquam lacus.
397,157,5,My thing favorite,Fusce posuere felis sed lacus.
398,931,4,Love it!,Nulla ac enim.
399,145,2,Bad Quality,Nulla suscipit ligula in lacus.
400,679,3,Nice Product,Duis at velit eu est congue elementum.
401,779,1,Some major design flaws,Pellentesque ultrices mattis odio.
402,896,2,Bad Quality,Aenean fermentum.
403,879,3,Nice Product,Aliquam erat volutpat.
404,848,2,Bad Quality,Quisque porta volutpat erat.
405,856,4,Love it!,"Vestibulum quam sapien, varius ut, blandit non, interdum in, ante."
406,975,1,Some major design flaws,Praesent id massa id nisl venenatis lacinia.
407,247,3,Nice Product,Pellentesque eget nunc.
408,880,5,My thing favorite,Pellentesque ultrices mattis odio.
409,873,5,My thing favorite,In blandit ultrices enim.
410,967,5,My thing favorite,Aliquam quis turpis eget elit sodales scelerisque.
411,139,4,Love it!,Praesent id massa id nisl venenatis lacinia.
412,151,4,Love it!,Duis bibendum.
413,90,3,Nice Product,Fusce consequat.
414,656,4,Love it!,Morbi non quam nec dui luctus rutrum.
415,500,1,Some major design flaws,Nulla justo.
416,670,3,Nice Product,"Fusce lacus purus, aliquet at, feugiat non, pretium quis, lectus."
417,326,3,Nice Product,Nulla facilisi.
418,717,1,Some major design flaws,Integer ac neque.
419,490,5,My thing favorite,Donec semper sapien a libero.
420,600,4,Love it!,Proin eu mi.
421,184,2,Bad Quality,Maecenas tincidunt lacus at velit.
422,214,5,My thing favorite,"Nullam orci pede, venenatis non, sodales sed, tincidunt eu, felis."
423,333,5,My thing favorite,Nam tristique tortor eu pede.
424,960,1,Some major design flaws,Phasellus in felis.
425,381,3,Nice Product,"Cum sociis natoque penatibus et magnis dis parturient montes, nascetur ridiculus mus."
426,597,5,My thing favorite,Proin risus.
427,517,5,My thing favorite,"Nam congue, risus semper porta volutpat, quam pede lobortis ligula, sit amet eleifend pede libero quis orci."
428,13,5,My thing favorite,Donec ut mauris eget massa tempor convallis.
429,759,4,Love it!,Cras pellentesque volutpat dui.
430,440,1,Some major design flaws,Donec quis orci eget orci vehicula condimentum.
431,107,3,Nice Product,Integer non velit.
432,964,3,Nice Product,In quis justo.
433,268,5,My thing favorite,Integer ac leo.
434,70,2,Bad Quality,Maecenas tincidunt lacus at velit.
435,250,5,My thing favorite,Nulla tempus.
436,939,3,Nice Product,Curabitur at ipsum ac tellus semper interdum.
437,671,5,My thing favorite,Aliquam sit amet diam in magna bibendum imperdiet.
438,703,5,My thing favorite,Nullam molestie nibh in lectus.
439,211,1,Some major design flaws,"Integer aliquet, massa id lobortis convallis, tortor risus dapibus augue, vel accumsan tellus nisi eu orci."
440,649,5,My thing favorite,Quisque id justo sit amet sapien dignissim vestibulum.
441,437,1,Some major design flaws,Proin interdum mauris non ligula pellentesque ultrices.
442,887,3,Nice Product,"Nulla neque libero, convallis eget, eleifend luctus, ultricies eu, nibh."
443,665,3,Nice Product,Nullam varius.
444,91,2,Bad Quality,"Integer pede justo, lacinia eget, tincidunt eget, tempus vel, pede."
445,866,2,Bad Quality,Nam tristique tortor eu pede.
446,63,1,Some major design flaws,Duis aliquam convallis nunc.
447,460,3,Nice Product,"Vivamus metus arcu, adipiscing molestie, hendrerit at, vulputate vitae, nisl."
448,603,5,My thing favorite,Morbi quis tortor id nulla ultrices aliquet.
449,102,5,My thing favorite,"Cras mi pede, malesuada in, imperdiet et, commodo vulputate, justo."
450,822,3,Nice Product,Proin risus.
451,586,5,My thing favorite,Nulla tellus.
452,624,2,Bad Quality,Sed ante.
453,202,2,Bad Quality,"In est risus, auctor sed, tristique in, tempus sit amet, sem."
454,894,3,Nice Product,"Cras mi pede, malesuada in, imperdiet et, commodo vulputate, justo."
455,706,3,Nice Product,Pellentesque viverra pede ac diam.
456,892,1,Some major design flaws,Aliquam non mauris.
457,768,2,Bad Quality,Curabitur in libero ut massa volutpat convallis.
458,488,3,Nice Product,Nulla nisl.
459,529,4,Love it!,Cras non velit nec nisi vulputate nonummy.
460,223,2,Bad Quality,"Fusce congue, diam id ornare imperdiet, sapien urna pretium nisl, ut volutpat sapien arcu sed augue."
461,441,5,My thing favorite,Nulla facilisi.
462,622,5,My thing favorite,Aenean sit amet justo.
463,349,4,Love it!,Etiam justo.
464,448,4,Love it!,Nulla suscipit ligula in lacus.
465,859,2,Bad Quality,Sed vel enim sit amet nunc viverra dapibus.
466,176,2,Bad Quality,In congue.
467,397,3,Nice Product,"Vestibulum quam sapien, varius ut, blandit non, interdum in, ante."
468,523,1,Some major design flaws,"Fusce congue, diam id ornare imperdiet, sapien urna pretium nisl, ut volutpat sapien arcu sed augue."
469,814,4,Love it!,Cras pellentesque volutpat dui.
470,452,2,Bad Quality,Phasellus id sapien in sapien iaculis congue.
471,853,5,My thing favorite,"Lorem ipsum dolor sit amet, consectetuer adipiscing elit."
472,565,2,Bad Quality,Suspendisse ornare consequat lectus.
473,992,1,Some major design flaws,Aliquam sit amet diam in magna bibendum imperdiet.
474,785,3,Nice Product,Etiam justo.
475,114,2,Bad Quality,"Integer pede justo, lacinia eget, tincidunt eget, tempus vel, pede."
476,204,3,Nice Product,"Cum sociis natoque penatibus et magnis dis parturient montes, nascetur ridiculus mus."
477,780,4,Love it!,Suspendisse potenti.
478,341,2,Bad Quality,Morbi a ipsum.
479,245,2,Bad Quality,Suspendisse ornare consequat lectus.
480,173,5,My thing favorite,Praesent lectus.
481,189,1,Some major design flaws,Suspendisse potenti.
482,911,5,My thing favorite,Morbi non lectus.
483,518,5,My thing favorite,Curabitur in libero ut massa volutpat convallis.
484,852,2,Bad Quality,In hac habitasse platea dictumst.
485,867,1,Some major design flaws,In blandit ultrices enim.
486,871,4,Love it!,Suspendisse ornare consequat lectus.
487,270,2,Bad Quality,Nulla tempus.
488,212,3,Nice Product,Maecenas rhoncus aliquam lacus.
489,857,3,Nice Product,Aenean lectus.
490,927,4,Love it!,Phasellus id sapien in sapien iaculis congue.
491,473,5,My thing favorite,Pellentesque eget nunc.
492,618,1,Some major design flaws,Maecenas pulvinar lobortis est.
493,602,3,Nice Product,"Fusce congue, diam id ornare imperdiet, sapien urna pretium nisl, ut volutpat sapien arcu sed augue."
494,392,1,Some major design flaws,Phasellus in felis.
495,14,4,Love it!,Ut at dolor quis odio consequat varius.
496,276,3,Nice Product,Nunc purus.
497,751,2,Bad Quality,Phasellus id sapien in sapien iaculis congue.
498,674,4,Love it!,"Vivamus metus arcu, adipiscing molestie, hendrerit at, vulputate vitae, nisl."
499,487,2,Bad Quality,Pellentesque at nulla.
500,305,5,My thing favorite,Vestibulum ante ipsum primis in faucibus orci luctus et ultrices posuere cubilia Curae
501,897,1,Some major design flaws,Suspendisse ornare consequat lectus.
502,640,3,Nice Product,Morbi a ipsum.
503,193,3,Nice Product,Nulla facilisi.
504,973,1,Some major design flaws,Etiam justo.
505,830,5,My thing favorite,Vivamus vel nulla eget eros elementum pellentesque.
506,103,1,Some major design flaws,Cras in purus eu magna vulputate luctus.
507,985,3,Nice Product,Cras pellentesque volutpat dui.
508,342,5,My thing favorite,Donec quis orci eget orci vehicula condimentum.
509,485,5,My thing favorite,Aliquam quis turpis eget elit sodales scelerisque.
510,136,4,Love it!,"Morbi odio odio, elementum eu, interdum eu, tincidunt in, leo."
511,468,5,My thing favorite,"Fusce congue, diam id ornare imperdiet, sapien urna pretium nisl, ut volutpat sapien arcu sed augue."
512,201,5,My thing favorite,Aenean lectus.
513,345,5,My thing favorite,"Cum sociis natoque penatibus et magnis dis parturient montes, nascetur ridiculus mus."
514,797,4,Love it!,Pellentesque at nulla.
515,248,1,Some major design flaws,Maecenas tincidunt lacus at velit.
516,510,3,Nice Product,In hac habitasse platea dictumst.
517,970,1,Some major design flaws,"Morbi odio odio, elementum eu, interdum eu, tincidunt in, leo."
518,56,5,My thing favorite,Maecenas ut massa quis augue luctus tincidunt.
519,402,4,Love it!,"Nullam orci pede, venenatis non, sodales sed, tincidunt eu, felis."
520,948,4,Love it!,"Lorem ipsum dolor sit amet, consectetuer adipiscing elit."
521,728,5,My thing favorite,Nunc rhoncus dui vel sem.
522,489,5,My thing favorite,Mauris lacinia sapien quis libero.
523,908,5,My thing favorite,Maecenas pulvinar lobortis est.
524,784,5,My thing favorite,Vestibulum ante ipsum primis in faucibus orci luctus et ultrices posuere cubilia Curae
525,288,3,Nice Product,"Donec odio justo, sollicitudin ut, suscipit a, feugiat et, eros."
526,715,3,Nice Product,Phasellus sit amet erat.
527,579,1,Some major design flaws,Morbi porttitor lorem id ligula.
528,580,1,Some major design flaws,Curabitur gravida nisi at nibh.
529,124,2,Bad Quality,Pellentesque ultrices mattis odio.
530,327,3,Nice Product,Cras in purus eu magna vulputate luctus.
531,837,1,Some major design flaws,Aenean lectus.
532,952,2,Bad Quality,Cras non velit nec nisi vulputate nonummy.
533,526,5,My thing favorite,Duis consequat dui nec nisi volutpat eleifend.
534,692,3,Nice Product,"Duis bibendum, felis sed interdum venenatis, turpis enim blandit mi, in porttitor pede justo eu massa."
535,515,2,Bad Quality,Aenean lectus.
536,840,4,Love it!,Fusce posuere felis sed lacus.
537,375,2,Bad Quality,Phasellus id sapien in sapien iaculis congue.
538,842,2,Bad Quality,"Duis bibendum, felis sed interdum venenatis, turpis enim blandit mi, in porttitor pede justo eu massa."
539,614,3,Nice Product,Nullam porttitor lacus at turpis.
540,537,4,Love it!,"Maecenas leo odio, condimentum id, luctus nec, molestie sed, justo."
541,641,5,My thing favorite,"Quisque arcu libero, rutrum ac, lobortis vel, dapibus at, diam."
542,932,4,Love it!,Integer a nibh.
543,83,1,Some major design flaws,Curabitur gravida nisi at nibh.
544,170,5,My thing favorite,In hac habitasse platea dictumst.
545,555,2,Bad Quality,Donec quis orci eget orci vehicula condimentum.
546,146,2,Bad Quality,Aenean auctor gravida sem.
547,317,3,Nice Product,Sed ante.
548,646,4,Love it!,"Maecenas leo odio, condimentum id, luctus nec, molestie sed, justo."
549,746,5,My thing favorite,Integer ac neque.
550,625,5,My thing favorite,Donec quis orci eget orci vehicula condimentum.
551,259,5,My thing favorite,Quisque porta volutpat erat.
552,85,4,Love it!,Nulla ac enim.
553,182,4,Love it!,Donec dapibus.
554,653,4,Love it!,Phasellus id sapien in sapien iaculis congue.
555,449,5,My thing favorite,"Quisque arcu libero, rutrum ac, lobortis vel, dapibus at, diam."
556,464,3,Nice Product,"Mauris enim leo, rhoncus sed, vestibulum sit amet, cursus id, turpis."
557,893,2,Bad Quality,Suspendisse potenti.
558,355,1,Some major design flaws,"Morbi odio odio, elementum eu, interdum eu, tincidunt in, leo."
559,981,4,Love it!,"Fusce congue, diam id ornare imperdiet, sapien urna pretium nisl, ut volutpat sapien arcu sed augue."
560,513,4,Love it!,"Maecenas tristique, est et tempus semper, est quam pharetra magna, ac consequat metus sapien ut nunc."
561,595,1,Some major design flaws,Sed ante.
562,21,3,Nice Product,Donec ut mauris eget massa tempor convallis.
563,403,5,My thing favorite,Cras pellentesque volutpat dui.
564,388,4,Love it!,Nam nulla.
565,501,2,Bad Quality,Nulla tellus.
566,718,4,Love it!,Quisque porta volutpat erat.
567,544,1,Some major design flaws,Vestibulum sed magna at nunc commodo placerat.
568,353,4,Love it!,"Lorem ipsum dolor sit amet, consectetuer adipiscing elit."
569,979,3,Nice Product,Quisque porta volutpat erat.
570,933,3,Nice Product,Nulla justo.
571,23,3,Nice Product,"Vivamus metus arcu, adipiscing molestie, hendrerit at, vulputate vitae, nisl."
572,454,2,Bad Quality,Phasellus sit amet erat.
573,868,3,Nice Product,Praesent id massa id nisl venenatis lacinia.
574,664,4,Love it!,Donec vitae nisi.
575,977,3,Nice Product,Suspendisse accumsan tortor quis turpis.
576,128,2,Bad Quality,"Cras mi pede, malesuada in, imperdiet et, commodo vulputate, justo."
577,536,1,Some major design flaws,"Fusce lacus purus, aliquet at, feugiat non, pretium quis, lectus."
578,575,4,Love it!,"Donec odio justo, sollicitudin ut, suscipit a, feugiat et, eros."
579,794,3,Nice Product,Nunc purus.
580,993,2,Bad Quality,Integer non velit.
581,495,2,Bad Quality,Curabitur convallis.
582,12,1,Some major design flaws,Nunc rhoncus dui vel sem.
583,177,5,My thing favorite,Vivamus tortor.
584,386,2,Bad Quality,Aliquam non mauris.
585,43,1,Some major design flaws,Donec semper sapien a libero.
586,450,5,My thing favorite,Aenean sit amet justo.
587,409,1,Some major design flaws,Donec dapibus.
588,770,4,Love it!,Vestibulum ante ipsum primis in faucibus orci luctus et ultrices posuere cubilia Curae
589,361,2,Bad Quality,"Vivamus metus arcu, adipiscing molestie, hendrerit at, vulputate vitae, nisl."
590,432,1,Some major design flaws,"Morbi odio odio, elementum eu, interdum eu, tincidunt in, leo."
591,647,4,Love it!,Cras pellentesque volutpat dui.
592,427,5,My thing favorite,Nunc nisl.
593,443,2,Bad Quality,Vivamus vel nulla eget eros elementum pellentesque.
594,727,1,Some major design flaws,Suspendisse potenti.
595,835,3,Nice Product,Aliquam quis turpis eget elit sodales scelerisque.
596,957,3,Nice Product,Cras pellentesque volutpat dui.
597,458,5,My thing favorite,Vestibulum ante ipsum primis in faucibus orci luctus et ultrices posuere cubilia Curae
598,455,5,My thing favorite,Etiam pretium iaculis justo.
599,428,2,Bad Quality,Donec posuere metus vitae ipsum.
600,376,4,Love it!,Aenean fermentum.
601,520,4,Love it!,Donec posuere metus vitae ipsum.
602,306,5,My thing favorite,"Nam congue, risus semper porta volutpat, quam pede lobortis ligula, sit amet eleifend pede libero quis orci."
603,854,1,Some major design flaws,Phasellus id sapien in sapien iaculis congue.
604,605,1,Some major design flaws,Curabitur convallis.
605,197,4,Love it!,Proin risus.
606,116,1,Some major design flaws,Praesent blandit lacinia erat.
607,410,2,Bad Quality,Duis consequat dui nec nisi volutpat eleifend.
608,667,1,Some major design flaws,In congue.
609,163,4,Love it!,Nulla nisl.
610,912,5,My thing favorite,Aliquam erat volutpat.
611,89,5,My thing favorite,Quisque ut erat.
612,300,2,Bad Quality,Donec ut dolor.
613,218,5,My thing favorite,Morbi ut odio.
614,507,5,My thing favorite,Donec posuere metus vitae ipsum.
615,811,3,Nice Product,In eleifend quam a odio.
616,632,5,My thing favorite,"Lorem ipsum dolor sit amet, consectetuer adipiscing elit."
617,827,3,Nice Product,Nulla tempus.
618,7,3,Nice Product,Duis at velit eu est congue elementum.
619,514,4,Love it!,"In tempor, turpis nec euismod scelerisque, quam turpis adipiscing lorem, vitae mattis nibh ligula nec sem."
620,609,5,My thing favorite,Morbi ut odio.
621,749,2,Bad Quality,Suspendisse ornare consequat lectus.
622,788,3,Nice Product,In eleifend quam a odio.
623,434,1,Some major design flaws,Vestibulum ac est lacinia nisi venenatis tristique.
624,587,4,Love it!,Vivamus vestibulum sagittis sapien.
625,626,2,Bad Quality,"Integer aliquet, massa id lobortis convallis, tortor risus dapibus augue, vel accumsan tellus nisi eu orci."
626,999,2,Bad Quality,"Vestibulum ante ipsum primis in faucibus orci luctus et ultrices posuere cubilia Curae; Donec pharetra, magna vestibulum aliquet ultrices, erat tortor sollicitudin mi, sit amet lobortis sapien sapien non mi."
627,801,1,Some major design flaws,Duis mattis egestas metus.
628,968,1,Some major design flaws,Proin eu mi.
629,407,1,Some major design flaws,Vestibulum sed magna at nunc commodo placerat.
630,690,1,Some major design flaws,Curabitur in libero ut massa volutpat convallis.
631,813,1,Some major design flaws,Pellentesque eget nunc.
632,377,3,Nice Product,"Morbi odio odio, elementum eu, interdum eu, tincidunt in, leo."
633,582,1,Some major design flaws,Nulla facilisi.
634,729,2,Bad Quality,Cras non velit nec nisi vulputate nonummy.
635,963,2,Bad Quality,Duis bibendum.
636,3,1,Some major design flaws,Nunc nisl.
637,545,1,Some major design flaws,"Duis bibendum, felis sed interdum venenatis, turpis enim blandit mi, in porttitor pede justo eu massa."
638,92,5,My thing favorite,Integer tincidunt ante vel ipsum.
639,878,5,My thing favorite,Nam dui.
640,685,4,Love it!,"Cum sociis natoque penatibus et magnis dis parturient montes, nascetur ridiculus mus."
641,804,4,Love it!,Phasellus in felis.
642,1000,5,My thing favorite,"Vestibulum quam sapien, varius ut, blandit non, interdum in, ante."
643,471,5,My thing favorite,"Mauris enim leo, rhoncus sed, vestibulum sit amet, cursus id, turpis."
644,429,3,Nice Product,"Nam congue, risus semper porta volutpat, quam pede lobortis ligula, sit amet eleifend pede libero quis orci."
645,598,1,Some major design flaws,Suspendisse potenti.
646,553,1,Some major design flaws,Aenean auctor gravida sem.
647,989,4,Love it!,"Quisque erat eros, viverra eget, congue eget, semper rutrum, nulla."
648,40,3,Nice Product,Duis ac nibh.
649,846,5,My thing favorite,In congue.
650,129,3,Nice Product,In quis justo.
651,48,3,Nice Product,"Mauris enim leo, rhoncus sed, vestibulum sit amet, cursus id, turpis."
652,496,2,Bad Quality,Nunc purus.
653,178,2,Bad Quality,Maecenas tincidunt lacus at velit.
654,815,1,Some major design flaws,Curabitur at ipsum ac tellus semper interdum.
655,137,4,Love it!,"Fusce lacus purus, aliquet at, feugiat non, pretium quis, lectus."
656,42,4,Love it!,"Vestibulum ante ipsum primis in faucibus orci luctus et ultrices posuere cubilia Curae; Donec pharetra, magna vestibulum aliquet ultrices, erat tortor sollicitudin mi, sit amet lobortis sapien sapien non mi."
657,698,5,My thing favorite,Sed accumsan felis.
658,444,5,My thing favorite,Morbi a ipsum.
659,479,4,Love it!,Nulla nisl.
660,668,1,Some major design flaws,"Cras mi pede, malesuada in, imperdiet et, commodo vulputate, justo."
661,820,1,Some major design flaws,Pellentesque viverra pede ac diam.
662,44,2,Bad Quality,Aenean auctor gravida sem.
663,165,2,Bad Quality,Suspendisse accumsan tortor quis turpis.
664,686,5,My thing favorite,Integer tincidunt ante vel ipsum.
665,303,2,Bad Quality,Morbi quis tortor id nulla ultrices aliquet.
666,222,5,My thing favorite,In hac habitasse platea dictumst.
667,74,3,Nice Product,Sed ante.
668,949,1,Some major design flaws,Donec posuere metus vitae ipsum.
669,196,5,My thing favorite,"Donec diam neque, vestibulum eget, vulputate ut, ultrices vel, augue."
670,865,5,My thing favorite,Quisque id justo sit amet sapien dignissim vestibulum.
671,789,3,Nice Product,Pellentesque at nulla.
672,909,1,Some major design flaws,"Maecenas tristique, est et tempus semper, est quam pharetra magna, ac consequat metus sapien ut nunc."
673,701,1,Some major design flaws,"Lorem ipsum dolor sit amet, consectetuer adipiscing elit."
674,22,1,Some major design flaws,"Vivamus metus arcu, adipiscing molestie, hendrerit at, vulputate vitae, nisl."
675,324,2,Bad Quality,"Nulla neque libero, convallis eget, eleifend luctus, ultricies eu, nibh."
676,889,3,Nice Product,"Fusce lacus purus, aliquet at, feugiat non, pretium quis, lectus."
677,36,5,My thing favorite,Quisque ut erat.
678,93,3,Nice Product,"In tempor, turpis nec euismod scelerisque, quam turpis adipiscing lorem, vitae mattis nibh ligula nec sem."
679,980,2,Bad Quality,Etiam pretium iaculis justo.
680,634,5,My thing favorite,Aenean lectus.
681,497,1,Some major design flaws,"Lorem ipsum dolor sit amet, consectetuer adipiscing elit."
682,350,2,Bad Quality,"Fusce lacus purus, aliquet at, feugiat non, pretium quis, lectus."
683,235,3,Nice Product,"Vestibulum ante ipsum primis in faucibus orci luctus et ultrices posuere cubilia Curae; Donec pharetra, magna vestibulum aliquet ultrices, erat tortor sollicitudin mi, sit amet lobortis sapien sapien non mi."
684,335,5,My thing favorite,Cras non velit nec nisi vulputate nonummy.
685,229,3,Nice Product,Aenean lectus.
686,179,5,My thing favorite,Nullam varius.
687,243,1,Some major design flaws,Maecenas ut massa quis augue luctus tincidunt.
688,739,4,Love it!,Mauris sit amet eros.
689,412,2,Bad Quality,Morbi vel lectus in quam fringilla rhoncus.
690,20,1,Some major design flaws,Aliquam sit amet diam in magna bibendum imperdiet.
691,635,5,My thing favorite,Integer non velit.
692,399,5,My thing favorite,Nunc nisl.
693,847,5,My thing favorite,Duis mattis egestas metus.
694,982,2,Bad Quality,Phasellus in felis.
695,239,4,Love it!,Ut tellus.
696,682,3,Nice Product,"Nullam orci pede, venenatis non, sodales sed, tincidunt eu, felis."
697,677,2,Bad Quality,Morbi a ipsum.
698,263,1,Some major design flaws,Morbi non lectus.
699,404,3,Nice Product,Vestibulum ante ipsum primis in faucibus orci luctus et ultrices posuere cubilia Curae
700,818,3,Nice Product,In hac habitasse platea dictumst.
701,4,2,Bad Quality,Quisque ut erat.
702,296,2,Bad Quality,Nam tristique tortor eu pede.
703,697,1,Some major design flaws,Pellentesque eget nunc.
704,414,5,My thing favorite,Nulla nisl.
705,645,5,My thing favorite,Quisque porta volutpat erat.
706,945,4,Love it!,Morbi vel lectus in quam fringilla rhoncus.
707,456,1,Some major design flaws,Suspendisse accumsan tortor quis turpis.
708,208,1,Some major design flaws,Maecenas pulvinar lobortis est.
709,726,4,Love it!,"Nam ultrices, libero non mattis pulvinar, nulla pede ullamcorper augue, a suscipit nulla elit ac nulla."
710,694,3,Nice Product,Curabitur at ipsum ac tellus semper interdum.
711,424,2,Bad Quality,Nulla justo.
712,446,5,My thing favorite,Pellentesque ultrices mattis odio.
713,994,1,Some major design flaws,Suspendisse ornare consequat lectus.
714,24,1,Some major design flaws,"Duis bibendum, felis sed interdum venenatis, turpis enim blandit mi, in porttitor pede justo eu massa."
715,25,1,Some major design flaws,Suspendisse accumsan tortor quis turpis.
716,367,5,My thing favorite,Etiam pretium iaculis justo.
717,817,5,My thing favorite,Aenean sit amet justo.
718,396,3,Nice Product,"Duis bibendum, felis sed interdum venenatis, turpis enim blandit mi, in porttitor pede justo eu massa."
719,154,4,Love it!,In hac habitasse platea dictumst.
720,695,1,Some major design flaws,"Lorem ipsum dolor sit amet, consectetuer adipiscing elit."
721,363,3,Nice Product,In hac habitasse platea dictumst.
722,166,5,My thing favorite,Maecenas ut massa quis augue luctus tincidunt.
723,29,1,Some major design flaws,Phasellus id sapien in sapien iaculis congue.
724,87,2,Bad Quality,Aenean fermentum.
725,902,1,Some major design flaws,Mauris sit amet eros.
726,425,1,Some major design flaws,"Integer aliquet, massa id lobortis convallis, tortor risus dapibus augue, vel accumsan tellus nisi eu orci."
727,430,4,Love it!,"Vivamus metus arcu, adipiscing molestie, hendrerit at, vulputate vitae, nisl."
728,940,1,Some major design flaws,Nam nulla.
729,511,5,My thing favorite,Curabitur in libero ut massa volutpat convallis.
730,806,3,Nice Product,In quis justo.
731,524,3,Nice Product,Praesent blandit lacinia erat.
732,417,3,Nice Product,Vestibulum sed magna at nunc commodo placerat.
733,11,1,Some major design flaws,Nam tristique tortor eu pede.
734,252,5,My thing favorite,In hac habitasse platea dictumst.
735,617,4,Love it!,Vestibulum ac est lacinia nisi venenatis tristique.
736,217,1,Some major design flaws,In quis justo.
737,612,5,My thing favorite,"Integer pede justo, lacinia eget, tincidunt eget, tempus vel, pede."
738,389,4,Love it!,Sed accumsan felis.
739,554,5,My thing favorite,Morbi vel lectus in quam fringilla rhoncus.
740,162,4,Love it!,Nunc nisl.
741,869,5,My thing favorite,Curabitur gravida nisi at nibh.
742,254,2,Bad Quality,Etiam pretium iaculis justo.
743,704,5,My thing favorite,Vestibulum ante ipsum primis in faucibus orci luctus et ultrices posuere cubilia Curae
744,66,3,Nice Product,"Vestibulum ante ipsum primis in faucibus orci luctus et ultrices posuere cubilia Curae; Donec pharetra, magna vestibulum aliquet ultrices, erat tortor sollicitudin mi, sit amet lobortis sapien sapien non mi."
745,68,2,Bad Quality,Mauris lacinia sapien quis libero.
746,713,2,Bad Quality,Integer non velit.
747,756,3,Nice Product,Integer ac leo.
748,304,4,Love it!,"In est risus, auctor sed, tristique in, tempus sit amet, sem."
749,264,4,Love it!,"Cum sociis natoque penatibus et magnis dis parturient montes, nascetur ridiculus mus."
750,736,2,Bad Quality,Aenean fermentum.
751,98,5,My thing favorite,"Fusce lacus purus, aliquet at, feugiat non, pretium quis, lectus."
752,181,3,Nice Product,"Nam congue, risus semper porta volutpat, quam pede lobortis ligula, sit amet eleifend pede libero quis orci."
753,883,5,My thing favorite,Vivamus vel nulla eget eros elementum pellentesque.
754,534,3,Nice Product,"Duis bibendum, felis sed interdum venenatis, turpis enim blandit mi, in porttitor pede justo eu massa."
755,681,1,Some major design flaws,Nulla tellus.
756,26,3,Nice Product,Nam nulla.
757,916,2,Bad Quality,Maecenas rhoncus aliquam lacus.
758,561,2,Bad Quality,"Integer pede justo, lacinia eget, tincidunt eget, tempus vel, pede."
759,843,1,Some major design flaws,Sed vel enim sit amet nunc viverra dapibus.
760,438,2,Bad Quality,Aenean lectus.
761,807,2,Bad Quality,Nulla suscipit ligula in lacus.
762,16,3,Nice Product,Curabitur gravida nisi at nibh.
763,546,3,Nice Product,Mauris lacinia sapien quis libero.
764,984,1,Some major design flaws,Morbi a ipsum.
765,79,3,Nice Product,Donec dapibus.
766,86,3,Nice Product,Nunc rhoncus dui vel sem.
767,15,3,Nice Product,Nulla tempus.
768,294,1,Some major design flaws,Morbi quis tortor id nulla ultrices aliquet.
769,474,4,Love it!,Nulla justo.
770,126,3,Nice Product,Aenean sit amet justo.
771,792,3,Nice Product,Morbi porttitor lorem id ligula.
772,851,4,Love it!,Vestibulum ante ipsum primis in faucibus orci luctus et ultrices posuere cubilia Curae
773,512,4,Love it!,Pellentesque viverra pede ac diam.
774,41,3,Nice Product,"Mauris enim leo, rhoncus sed, vestibulum sit amet, cursus id, turpis."
775,281,5,My thing favorite,Vestibulum rutrum rutrum neque.
776,155,5,My thing favorite,Maecenas pulvinar lobortis est.
777,77,3,Nice Product,Pellentesque eget nunc.
778,826,1,Some major design flaws,Etiam vel augue.
779,723,1,Some major design flaws,Cras pellentesque volutpat dui.
780,890,5,My thing favorite,Sed vel enim sit amet nunc viverra dapibus.
781,950,4,Love it!,Etiam pretium iaculis justo.
782,657,4,Love it!,Vivamus vel nulla eget eros elementum pellentesque.
783,754,2,Bad Quality,Curabitur convallis.
784,637,1,Some major design flaws,Maecenas ut massa quis augue luctus tincidunt.
785,338,1,Some major design flaws,"Lorem ipsum dolor sit amet, consectetuer adipiscing elit."
786,937,5,My thing favorite,Curabitur convallis.
787,362,3,Nice Product,Donec posuere metus vitae ipsum.
788,942,5,My thing favorite,Phasellus id sapien in sapien iaculis congue.
789,57,3,Nice Product,"Integer aliquet, massa id lobortis convallis, tortor risus dapibus augue, vel accumsan tellus nisi eu orci."
790,75,5,My thing favorite,Suspendisse accumsan tortor quis turpis.
791,643,5,My thing favorite,Cras pellentesque volutpat dui.
792,590,2,Bad Quality,"Quisque arcu libero, rutrum ac, lobortis vel, dapibus at, diam."
793,160,2,Bad Quality,Quisque porta volutpat erat.
794,100,5,My thing favorite,Nam dui.
795,387,4,Love it!,In hac habitasse platea dictumst.
796,419,1,Some major design flaws,In congue.
797,955,5,My thing favorite,In quis justo.
798,368,1,Some major design flaws,Maecenas rhoncus aliquam lacus.
799,258,5,My thing favorite,Morbi quis tortor id nulla ultrices aliquet.
800,237,1,Some major design flaws,Sed sagittis.
801,895,1,Some major design flaws,Pellentesque eget nunc.
802,480,2,Bad Quality,Nulla ac enim.
803,548,4,Love it!,Cras in purus eu magna vulputate luctus.
804,220,1,Some major design flaws,Aenean sit amet justo.
805,374,1,Some major design flaws,Nullam porttitor lacus at turpis.
806,206,1,Some major design flaws,Mauris sit amet eros.
807,995,5,My thing favorite,Nulla tempus.
808,781,1,Some major design flaws,Nulla tempus.
809,819,1,Some major design flaws,Pellentesque viverra pede ac diam.
810,531,1,Some major design flaws,Vivamus tortor.
811,988,5,My thing favorite,Nam dui.
812,49,5,My thing favorite,Aenean sit amet justo.
813,799,1,Some major design flaws,Duis at velit eu est congue elementum.
814,289,5,My thing favorite,Aenean fermentum.
815,420,3,Nice Product,Suspendisse ornare consequat lectus.
816,159,3,Nice Product,"Maecenas tristique, est et tempus semper, est quam pharetra magna, ac consequat metus sapien ut nunc."
817,142,1,Some major design flaws,Duis bibendum.
818,52,5,My thing favorite,"Integer pede justo, lacinia eget, tincidunt eget, tempus vel, pede."
819,180,3,Nice Product,"Nam ultrices, libero non mattis pulvinar, nulla pede ullamcorper augue, a suscipit nulla elit ac nulla."
820,881,5,My thing favorite,Sed accumsan felis.
821,285,1,Some major design flaws,Etiam vel augue.
822,676,5,My thing favorite,"Donec odio justo, sollicitudin ut, suscipit a, feugiat et, eros."
823,405,2,Bad Quality,"Quisque erat eros, viverra eget, congue eget, semper rutrum, nulla."
824,213,2,Bad Quality,Nunc nisl.
825,663,4,Love it!,"Vivamus metus arcu, adipiscing molestie, hendrerit at, vulputate vitae, nisl."
826,841,3,Nice Product,Curabitur convallis.
827,922,3,Nice Product,Phasellus id sapien in sapien iaculis congue.
828,800,2,Bad Quality,Vestibulum ac est lacinia nisi venenatis tristique.
829,556,5,My thing favorite,Vestibulum rutrum rutrum neque.
830,483,2,Bad Quality,Aenean auctor gravida sem.
831,383,3,Nice Product,Morbi non lectus.
832,861,5,My thing favorite,Duis aliquam convallis nunc.
833,334,1,Some major design flaws,Vivamus vel nulla eget eros elementum pellentesque.
834,310,1,Some major design flaws,Aenean lectus.
835,257,3,Nice Product,Donec ut dolor.
836,130,2,Bad Quality,Praesent lectus.
837,583,1,Some major design flaws,Quisque porta volutpat erat.
838,737,3,Nice Product,Mauris ullamcorper purus sit amet nulla.
839,899,2,Bad Quality,Nullam sit amet turpis elementum ligula vehicula consequat.
840,503,2,Bad Quality,Vestibulum ante ipsum primis in faucibus orci luctus et ultrices posuere cubilia Curae
841,557,2,Bad Quality,Pellentesque at nulla.
842,905,4,Love it!,Maecenas rhoncus aliquam lacus.
843,762,1,Some major design flaws,Nunc purus.
844,760,1,Some major design flaws,Vestibulum rutrum rutrum neque.
845,734,2,Bad Quality,Suspendisse ornare consequat lectus.
846,699,1,Some major design flaws,Phasellus sit amet erat.
847,876,1,Some major design flaws,Maecenas rhoncus aliquam lacus.
848,687,1,Some major design flaws,Mauris lacinia sapien quis libero.
849,246,5,My thing favorite,Pellentesque ultrices mattis odio.
850,121,3,Nice Product,Nulla facilisi.
851,198,4,Love it!,Morbi vel lectus in quam fringilla rhoncus.
852,19,2,Bad Quality,In quis justo.
853,584,1,Some major design flaws,"Nam congue, risus semper porta volutpat, quam pede lobortis ligula, sit amet eleifend pede libero quis orci."
854,654,5,My thing favorite,Suspendisse potenti.
855,287,3,Nice Product,Sed accumsan felis.
856,564,3,Nice Product,Etiam faucibus cursus urna.
857,475,1,Some major design flaws,Curabitur gravida nisi at nibh.
858,592,3,Nice Product,"Donec odio justo, sollicitudin ut, suscipit a, feugiat et, eros."
859,400,2,Bad Quality,Integer non velit.
860,562,1,Some major design flaws,Cras in purus eu magna vulputate luctus.
861,494,5,My thing favorite,"Duis bibendum, felis sed interdum venenatis, turpis enim blandit mi, in porttitor pede justo eu massa."
862,888,3,Nice Product,"Vestibulum quam sapien, varius ut, blandit non, interdum in, ante."
863,884,2,Bad Quality,"Morbi sem mauris, laoreet ut, rhoncus aliquet, pulvinar sed, nisl."
864,862,5,My thing favorite,In sagittis dui vel nisl.
865,504,4,Love it!,Donec ut mauris eget massa tempor convallis.
866,292,4,Love it!,Cras in purus eu magna vulputate luctus.
867,732,5,My thing favorite,Aenean auctor gravida sem.
868,152,2,Bad Quality,Vivamus vestibulum sagittis sapien.
869,558,1,Some major design flaws,Sed ante.
870,231,4,Love it!,Sed sagittis.
871,747,3,Nice Product,"Maecenas tristique, est et tempus semper, est quam pharetra magna, ac consequat metus sapien ut nunc."
872,236,3,Nice Product,Duis mattis egestas metus.
873,88,2,Bad Quality,Suspendisse ornare consequat lectus.
874,37,4,Love it!,"Duis bibendum, felis sed interdum venenatis, turpis enim blandit mi, in porttitor pede justo eu massa."
875,938,2,Bad Quality,Mauris lacinia sapien quis libero.
876,271,1,Some major design flaws,Sed accumsan felis.
877,538,2,Bad Quality,Proin eu mi.
878,825,3,Nice Product,"In est risus, auctor sed, tristique in, tempus sit amet, sem."
879,923,4,Love it!,Nulla nisl.
880,691,4,Love it!,Vestibulum ante ipsum primis in faucibus orci luctus et ultrices posuere cubilia Curae
881,94,1,Some major design flaws,In hac habitasse platea dictumst.
882,321,4,Love it!,"Duis bibendum, felis sed interdum venenatis, turpis enim blandit mi, in porttitor pede justo eu massa."
883,525,1,Some major design flaws,Quisque porta volutpat erat.
884,802,4,Love it!,Nulla mollis molestie lorem.
885,401,5,My thing favorite,"Morbi vestibulum, velit id pretium iaculis, diam erat fermentum justo, nec condimentum neque sapien placerat ante."
886,313,5,My thing favorite,Sed vel enim sit amet nunc viverra dapibus.
887,442,1,Some major design flaws,Morbi non lectus.
888,108,4,Love it!,In congue.
889,549,3,Nice Product,Proin risus.
890,78,4,Love it!,Aliquam sit amet diam in magna bibendum imperdiet.
891,30,4,Love it!,Nulla tempus.
892,735,5,My thing favorite,"Nullam orci pede, venenatis non, sodales sed, tincidunt eu, felis."
893,947,1,Some major design flaws,In eleifend quam a odio.
894,433,2,Bad Quality,Suspendisse accumsan tortor quis turpis.
895,95,3,Nice Product,Aenean auctor gravida sem.
896,620,5,My thing favorite,"Cras mi pede, malesuada in, imperdiet et, commodo vulputate, justo."
897,122,4,Love it!,Nam tristique tortor eu pede.
898,262,1,Some major design flaws,Donec ut mauris eget massa tempor convallis.
899,112,3,Nice Product,Sed accumsan felis.
900,509,3,Nice Product,Maecenas tincidunt lacus at velit.
901,71,3,Nice Product,Sed sagittis.
902,776,1,Some major design flaws,Mauris sit amet eros.
903,195,1,Some major design flaws,Morbi non lectus.
904,118,2,Bad Quality,"Fusce congue, diam id ornare imperdiet, sapien urna pretium nisl, ut volutpat sapien arcu sed augue."
905,958,1,Some major design flaws,Curabitur at ipsum ac tellus semper interdum.
906,607,4,Love it!,Suspendisse potenti.
907,786,1,Some major design flaws,Vestibulum ante ipsum primis in faucibus orci luctus et ultrices posuere cubilia Curae
908,192,3,Nice Product,"Quisque arcu libero, rutrum ac, lobortis vel, dapibus at, diam."
909,221,2,Bad Quality,"Lorem ipsum dolor sit amet, consectetuer adipiscing elit."
910,205,3,Nice Product,"Nam congue, risus semper porta volutpat, quam pede lobortis ligula, sit amet eleifend pede libero quis orci."
911,660,3,Nice Product,Vivamus in felis eu sapien cursus vestibulum.
912,84,2,Bad Quality,Integer a nibh.
913,850,1,Some major design flaws,Nam nulla.
914,31,1,Some major design flaws,"Integer pede justo, lacinia eget, tincidunt eget, tempus vel, pede."
915,265,4,Love it!,Donec posuere metus vitae ipsum.
916,628,2,Bad Quality,Nulla ut erat id mauris vulputate elementum.
917,568,5,My thing favorite,Aliquam erat volutpat.
918,9,3,Nice Product,Phasellus in felis.
919,920,4,Love it!,"Vestibulum quam sapien, varius ut, blandit non, interdum in, ante."
920,255,4,Love it!,"Proin leo odio, porttitor id, consequat in, consequat ut, nulla."
921,311,5,My thing favorite,Nullam varius.
922,484,2,Bad Quality,Suspendisse potenti.
923,372,2,Bad Quality,Praesent blandit.
924,831,5,My thing favorite,Donec vitae nisi.
925,573,5,My thing favorite,Suspendisse accumsan tortor quis turpis.
926,230,3,Nice Product,"Lorem ipsum dolor sit amet, consectetuer adipiscing elit."
927,741,3,Nice Product,Morbi quis tortor id nulla ultrices aliquet.
928,810,5,My thing favorite,Mauris sit amet eros.
929,678,1,Some major design flaws,Morbi a ipsum.
930,354,3,Nice Product,Morbi vel lectus in quam fringilla rhoncus.
931,251,4,Love it!,Cras pellentesque volutpat dui.
932,55,5,My thing favorite,"Vestibulum ante ipsum primis in faucibus orci luctus et ultrices posuere cubilia Curae; Donec pharetra, magna vestibulum aliquet ultrices, erat tortor sollicitudin mi, sit amet lobortis sapien sapien non mi."
933,758,1,Some major design flaws,Suspendisse ornare consequat lectus.
934,364,3,Nice Product,Integer ac neque.
935,710,3,Nice Product,Nam nulla.
936,209,5,My thing favorite,In hac habitasse platea dictumst.
937,918,5,My thing favorite,Donec ut mauris eget massa tempor convallis.
938,733,3,Nice Product,Morbi non lectus.
939,935,1,Some major design flaws,Nulla nisl.
940,64,4,Love it!,Integer non velit.
941,522,1,Some major design flaws,Aenean auctor gravida sem.
942,69,1,Some major design flaws,In congue.
943,183,4,Love it!,Morbi ut odio.
944,65,1,Some major design flaws,Curabitur at ipsum ac tellus semper interdum.
945,716,1,Some major design flaws,"Nulla neque libero, convallis eget, eleifend luctus, ultricies eu, nibh."
946,282,3,Nice Product,Maecenas ut massa quis augue luctus tincidunt.
947,906,2,Bad Quality,In blandit ultrices enim.
948,188,1,Some major design flaws,Vivamus vel nulla eget eros elementum pellentesque.
949,27,2,Bad Quality,"Integer pede justo, lacinia eget, tincidunt eget, tempus vel, pede."
950,408,2,Bad Quality,Vestibulum sed magna at nunc commodo placerat.
951,382,5,My thing favorite,Praesent blandit.
952,34,5,My thing favorite,Nulla ut erat id mauris vulputate elementum.
953,755,3,Nice Product,Vestibulum ante ipsum primis in faucibus orci luctus et ultrices posuere cubilia Curae
954,870,1,Some major design flaws,Nulla tellus.
955,135,4,Love it!,"Mauris enim leo, rhoncus sed, vestibulum sit amet, cursus id, turpis."
956,266,4,Love it!,Nullam porttitor lacus at turpis.
957,316,5,My thing favorite,Maecenas rhoncus aliquam lacus.
958,241,3,Nice Product,Integer non velit.
959,421,4,Love it!,Aenean lectus.
960,832,3,Nice Product,Sed accumsan felis.
961,96,4,Love it!,Nam nulla.
962,965,1,Some major design flaws,Integer non velit.
963,790,3,Nice Product,Sed sagittis.
964,570,2,Bad Quality,Nam tristique tortor eu pede.
965,596,3,Nice Product,Donec ut mauris eget massa tempor convallis.
966,574,4,Love it!,Suspendisse accumsan tortor quis turpis.
967,260,5,My thing favorite,Vivamus vel nulla eget eros elementum pellentesque.
968,153,5,My thing favorite,Pellentesque eget nunc.
969,261,5,My thing favorite,Nullam porttitor lacus at turpis.
970,959,1,Some major design flaws,"Maecenas leo odio, condimentum id, luctus nec, molestie sed, justo."
971,863,1,Some major design flaws,Morbi porttitor lorem id ligula.
972,164,4,Love it!,Donec ut mauris eget massa tempor convallis.
973,469,1,Some major design flaws,Fusce posuere felis sed lacus.
974,953,3,Nice Product,Nullam porttitor lacus at turpis.
975,72,3,Nice Product,"Cum sociis natoque penatibus et magnis dis parturient montes, nascetur ridiculus mus."
976,540,5,My thing favorite,Donec ut dolor.
977,613,5,My thing favorite,Aenean sit amet justo.
978,638,3,Nice Product,"Cras mi pede, malesuada in, imperdiet et, commodo vulputate, justo."
979,740,5,My thing favorite,Etiam faucibus cursus urna.
980,373,3,Nice Product,Cras in purus eu magna vulputate luctus.
981,463,1,Some major design flaws,Nunc purus.
982,805,4,Love it!,Curabitur in libero ut massa volutpat convallis.
983,8,4,Love it!,Vestibulum ante ipsum primis in faucibus orci luctus et ultrices posuere cubilia Curae
984,352,3,Nice Product,Nunc purus.
985,986,2,Bad Quality,"Lorem ipsum dolor sit amet, consectetuer adipiscing elit."
986,683,2,Bad Quality,"In est risus, auctor sed, tristique in, tempus sit amet, sem."
987,623,2,Bad Quality,Aenean auctor gravida sem.
988,644,2,Bad Quality,Duis consequat dui nec nisi volutpat eleifend.
989,215,4,Love it!,Morbi non lectus.
990,783,4,Love it!,Maecenas tincidunt lacus at velit.
991,639,2,Bad Quality,Phasellus sit amet erat.
992,658,1,Some major design flaws,"Nulla neque libero, convallis eget, eleifend luctus, ultricies eu, nibh."
993,578,4,Love it!,"Morbi vestibulum, velit id pretium iaculis, diam erat fermentum justo, nec condimentum neque sapien placerat ante."
994,395,2,Bad Quality,Nulla tempus.
995,161,3,Nice Product,Nam tristique tortor eu pede.
996,816,4,Love it!,Pellentesque at nulla.
997,764,1,Some major design flaws,Suspendisse potenti.
998,652,3,Nice Product,Sed accumsan felis.
999,793,1,Some major design flaws,Nullam molestie nibh in lectus.
1000,82,4,Love it!,Sed ante.
